Wort;Anzahl;bekannt 
the;3525;1
and;2738;1
to;2694;1
of;2617;1
a;1949;1
is;1704;1
in;1628;1
her;1000;1
you;949;1
masculine;866;1
feminine;853;1
love;835;1
or;812;1
that;793;1
with;766;1
we;762;1
are;671;1
our;659;1
his;651;1
sexual;646;1
he;628;1
for;625;1
your;603;1
she;587;1
it;570;1
be;542;1
as;524;1
by;467;1
i;464;1
this;411;1
man;403;1
relationship;396;1
not;393;1
more;392;1
intimate;384;1
have;358;1
energy;351;1
but;347;1
partner;346;1
life;339;1
their;330;1
if;318;1
woman;315;1
can;314;1
when;311;1
s;310;1
essence;309;1
on;307;1
from;292;1
men;283;1
they;277;1
into;275;1
who;270;1
stage;257;1
t;252;1
an;248;1
will;244;1
so;243;1
women;239;1
than;237;1
my;232;1
at;223;1
like;210;1
force;209;1
heart;207;1
feel;205;1
may;204;1
was;199;1
what;196;1
has;190;1
want;190;1
all;189;1
communion;188;1
moment;183;1
polarity;179;1
practice;173;1
through;172;1
true;169;1
would;167;1
then;166;1
do;164;1
even;164;1
one;161;1
us;158;1
own;156;1
loving;154;1
other;154;1
often;153;1
him;144;1
rather;138;1
always;137;1
each;134;1
no;133;1
being;132;1
which;129;1
most;128;1
about;127;1
body;125;1
out;125;1
way;125;1
just;123;1
time;118;1
me;116;1
also;115;1
how;113;1
ophelia;113;0
because;112;1
free;109;1
freedom;109;1
give;108;1
intimacy;106;1
desire;105;1
up;105;1
wants;105;1
self;104;1
partners;103;1
flow;101;1
there;101;1
must;100;1
second;100;1
very;98;1
go;97;1
many;97;1
relationships;94;1
only;93;1
people;93;1
feeling;92;1
gift;89;1
first;87;1
herself;87;1
sex;87;1
between;86;1
both;86;1
such;86;1
were;85;1
don;84;1
emotional;84;1
open;83;1
really;83;1
new;82;1
become;80;1
learn;80;1
some;80;1
surrender;80;1
get;77;1
however;77;1
person;77;1
feels;76;1
same;76;1
core;75;1
over;75;1
need;74;1
something;74;1
them;74;1
dependence;73;1
another;72;1
less;72;1
without;72;1
beyond;71;1
deep;71;1
does;71;1
down;71;1
gifts;71;1
leah;71;1
paul;71;1
relax;71;1
after;70;1
these;69;1
third;69;1
direction;68;1
good;68;1
world;67;1
any;66;1
full;66;1
strong;66;1
nature;65;1
trust;65;1
doesn;64;1
whether;64;1
release;62;1
sense;62;1
been;61;1
death;61;1
form;61;1
well;61;1
work;61;1
day;60;1
let;60;1
willing;60;1
could;59;1
himself;59;1
much;59;1
natural;59;1
every;58;1
longer;58;1
needs;58;1
now;58;1
present;58;1
make;57;1
take;57;1
too;57;1
already;56;1
two;56;1
instance;55;1
therefore;55;1
desires;54;1
itself;54;1
passion;54;1
radiance;54;1
real;54;1
fully;53;1
going;53;1
lives;53;1
long;53;1
whole;53;1
had;52;
am;51;
its;51;
native;51;
becomes;50;
embrace;50;
friends;50;
lover;50;
might;50;
radiant;50;
while;50;
why;50;
power;49;
where;49;
mind;48;
neutral;48;
together;48;
understand;48;
qualities;47;
sometimes;47;
fact;46;
grow;46;
happy;46;
old;46;
still;46;
find;45;
instead;45;
know;45;
never;45;
ourselves;45;
themselves;45;
afraid;44;
fear;44;
giving;44;
say;44;
attract;43;
different;43;
experience;43;
hurt;43;
opening;43;
place;43;
expression;42;
impulse;42;
little;42;
passionate;42;
begin;41;
deeply;41;
few;41;
important;41;
kind;41;
seems;41;
toward;41;
away;40;
either;40;
enough;40;
mission;40;
naturally;40;
perhaps;40;
search;40;
surrendering;40;
around;39;
hawaii;39;
order;39;
should;39;
fullness;38;
look;38;
since;38;
able;37;
allow;37;
edge;37;
enjoy;37;
express;37;
style;37;
based;36;
commitment;36;
money;36;
point;36;
presence;36;
right;36;
seem;36;
sexually;36;
truly;36;
trying;36;
ability;35;
although;35;
come;35;
happiness;35;
looking;35;
someone;35;
touch;35;
yet;35;
back;34;
better;34;
goal;34;
knows;34;
mood;34;
off;34;
re;34;
source;34;
wild;34;
york;34;
balance;33;
extreme;33;
getting;33;
lost;33;
making;33;
part;33;
personal;33;
quite;33;
though;33;
thus;33;
wanted;33;
yourself;33;
again;32;
boundaries;32;
business;32;
dance;32;
dependent;32;
eyes;32;
purpose;32;
step;32;
support;32;
attention;31;
career;31;
directionality;31;
family;31;
gives;31;
human;31;
inner;31;
loved;31;
pole;31;
chosen;30;
creative;30;
end;30;
eventually;30;
friend;30;
unique;30;
attractive;29;
care;29;
emotions;29;
finally;29;
home;29;
independent;29;
problem;29;
receive;29;
simply;29;
truth;29;
achieve;28;
attraction;28;
during;28;
felt;28;
flowing;28;
great;28;
non;28;
nor;28;
nothing;28;
orgasm;28;
ready;28;
three;28;
tv;28;
vision;28;
years;28;
doing;27;
healing;27;
modern;27;
move;27;
once;27;
opens;27;
realization;27;
sensitive;27;
things;27;
ways;27;
actually;26;
anyone;26;
attracted;26;
beauty;26;
best;26;
choose;26;
completely;26;
control;26;
culture;26;
deepest;26;
equality;26;
financial;26;
fulfillment;26;
inherent;26;
live;26;
moments;26;
past;26;
perfect;26;
see;26;
situation;26;
spiritual;26;
stand;26;
union;26;
whatever;26;
consciousness;25;
half;25;
hearts;25;
independence;25;
intimacies;25;
loss;25;
m;25;
marriage;25;
maybe;25;
necessary;25;
next;25;
play;25;
relaxing;25;
roles;25;
sharing;25;
stages;25;
understanding;25;
use;25;
anything;24;
becoming;24;
committed;24;
course;24;
essences;24;
filled;24;
matter;24;
pain;24;
realize;24;
substitutes;24;
talk;24;
try;24;
turn;24;
usually;24;
whom;24;
act;23;
anger;23;
animate;23;
beautiful;23;
before;23;
begins;23;
comes;23;
company;23;
create;23;
difference;23;
directly;23;
example;23;
far;23;
flows;23;
ideal;23;
inside;23;
leave;23;
mode;23;
moving;23;
ocean;23;
probably;23;
room;23;
times;23;
today;23;
working;23;
authentic;22;
energies;22;
forces;22;
found;22;
fulfilled;22;
learned;22;
likely;22;
living;22;
outside;22;
quest;22;
says;22;
tension;22;
thing;22;
art;21;
bed;21;
bodily;21;
developed;21;
did;21;
ecstatic;21;
everything;21;
hand;21;
openness;21;
opposite;21;
seek;21;
seeks;21;
temporarily;21;
within;21;
alive;20;
angry;20;
ask;20;
conscious;20;
daily;20;
difficult;20;
fulfilling;20;
gets;20;
internal;20;
lose;20;
poles;20;
successful;20;
tend;20;
tends;20;
action;19;
big;19;
children;19;
close;19;
dancing;19;
days;19;
directional;19;
elaine;19;
else;19;
feelings;19;
forms;19;
freely;19;
given;19;
hard;19;
here;19;
hoping;19;
isn;19;
looks;19;
loves;19;
neither;19;
parents;19;
pleasure;19;
possible;19;
practices;19;
primary;19;
remains;19;
resistance;19;
seeking;19;
share;19;
shine;19;
think;19;
weak;19;
words;19;
bad;18;
balanced;18;
city;18;
com;18;
communication;18;
consciously;18;
die;18;
discover;18;
experienced;18;
focused;18;
humor;18;
knowledge;18;
likewise;18;
maggie;18;
moved;18;
oceanofpdf;18;
political;18;
realizes;18;
relaxed;18;
responsibility;18;
talking;18;
those;18;
alone;17;
basic;17;
book;17;
call;17;
case;17;
clear;17;
constraint;17;
focus;17;
involved;17;
key;17;
michael;17;
night;17;
oriented;17;
phone;17;
remain;17;
safe;17;
sexuality;17;
tell;17;
term;17;
vulnerable;17;
whereas;17;
beach;16;
breath;16;
car;16;
certain;16;
continue;16;
crisis;16;
depend;16;
discipline;16;
ecstasy;16;
effort;16;
ever;16;
experiences;16;
face;16;
fill;16;
goddess;16;
hope;16;
losing;16;
master;16;
moves;16;
overwhelmed;16;
places;16;
polarized;16;
single;16;
smile;16;
space;16;
spontaneous;16;
suddenly;16;
until;16;
watching;16;
ambiguous;15;
aspects;15;
attractiveness;15;
bodies;15;
closing;15;
concerned;15;
conversation;15;
deeper;15;
didn;15;
differences;15;
emotionally;15;
equally;15;
especially;15;
essential;15;
follow;15;
grows;15;
guard;15;
keep;15;
others;15;
prefer;15;
project;15;
receiving;15;
regardless;15;
substitute;15;
taking;15;
thinking;15;
totally;15;
transcendental;15;
voice;15;
abuse;14;
attracts;14;
aware;14;
challenge;14;
child;14;
childhood;14;
choosing;14;
continues;14;
expect;14;
fulfill;14;
having;14;
healthy;14;
help;14;
including;14;
involves;14;
lack;14;
learning;14;
lot;14;
made;14;
myself;14;
partnership;14;
potential;14;
practicing;14;
released;14;
seemed;14;
separate;14;
separation;14;
spectrum;14;
strongly;14;
thoughts;14;
unable;14;
warrior;14;
wisdom;14;
arms;13;
aspect;13;
began;13;
burdened;13;
change;13;
commit;13;
confidence;13;
confident;13;
divine;13;
done;13;
earth;13;
easy;13;
flesh;13;
football;13;
forget;13;
gain;13;
game;13;
goes;13;
growth;13;
house;13;
imagine;13;
lead;13;
light;13;
means;13;
meet;13;
merely;13;
obvious;13;
oneness;13;
passionately;13;
perfectly;13;
powerful;13;
priority;13;
put;13;
remember;13;
responsibilities;13;
romantic;13;
searching;13;
sensual;13;
special;13;
strength;13;
suffering;13;
sure;13;
takes;13;
throughout;13;
tone;13;
unconsciously;13;
water;13;
whose;13;
won;13;
works;13;
yearning;13;
admit;12;
along;12;
b;12;
breathe;12;
c;12;
cause;12;
chapter;12;
confused;12;
creativity;12;
depth;12;
develop;12;
deviate;12;
embracing;12;
enter;12;
everyone;12;
false;12;
ground;12;
hero;12;
learns;12;
midst;12;
mother;12;
mutual;12;
offers;12;
otherwise;12;
peace;12;
perfection;12;
physical;12;
quality;12;
realm;12;
relatively;12;
romance;12;
serve;12;
side;12;
skin;12;
social;12;
supposed;12;
sweet;12;
tries;12;
turned;12;
universal;12;
via;12;
violence;12;
waiting;12;
absolutely;11;
accept;11;
affair;11;
affection;11;
against;11;
became;11;
bliss;11;
called;11;
cannot;11;
capable;11;
changing;11;
delicious;11;
emptiness;11;
expressions;11;
extremely;11;
fine;11;
frequently;11;
habits;11;
head;11;
hear;11;
honor;11;
integrity;11;
letting;11;
main;11;
match;11;
mere;11;
minds;11;
mysterious;11;
nurturing;11;
offer;11;
okay;11;
playing;11;
pleasurable;11;
politics;11;
resist;11;
respond;11;
return;11;
richard;11;
risk;11;
sees;11;
several;11;
solitude;11;
solve;11;
speak;11;
tonight;11;
transcends;11;
trapped;11;
trusting;11;
unguarded;11;
writing;11;
yield;11;
abusive;10;
active;10;
animating;10;
answers;10;
appreciate;10;
attempts;10;
attracting;10;
balancing;10;
basis;10;
certainly;10;
connected;10;
cultivate;10;
deny;10;
developing;10;
direct;10;
dying;10;
easily;10;
exactly;10;
expressing;10;
fix;10;
forward;10;
garden;10;
grown;10;
happens;10;
highly;10;
hours;10;
immense;10;
last;10;
least;10;
leaving;10;
lovers;10;
makes;10;
middle;10;
missing;10;
months;10;
necessarily;10;
notice;10;
process;10;
putting;10;
ravish;10;
relaxes;10;
rest;10;
sacrifice;10;
sake;10;
satisfied;10;
serves;10;
shared;10;
shift;10;
smooth;10;
spend;10;
spontaneously;10;
surrendered;10;
surrenders;10;
taboo;10;
ultimate;10;
uninhibited;10;
unwilling;10;
upon;10;
virtually;10;
whenever;10;
wrong;10;
absolute;9;
achieving;9;
across;9;
alice;9;
allows;9;
analysis;9;
authenticity;9;
breathing;9;
bring;9;
capacity;9;
character;9;
clarity;9;
co;9;
common;9;
david;9;
decisions;9;
destructive;9;
deviation;9;
deviations;9;
discovered;9;
doubt;9;
ease;9;
empty;9;
enlivening;9;
evoke;9;
father;9;
fears;9;
flowers;9;
friendship;9;
furthermore;9;
gender;9;
gifting;9;
gone;9;
growing;9;
hidden;9;
hold;9;
holding;9;
intelligence;9;
job;9;
kinds;9;
later;9;
list;9;
listen;9;
mean;9;
music;9;
neutralized;9;
office;9;
pointed;9;
professional;9;
question;9;
reading;9;
reason;9;
reciprocal;9;
responds;9;
responsible;9;
rested;9;
satisfy;9;
saying;9;
sensitivity;9;
shines;9;
short;9;
sitting;9;
spending;9;
state;9;
subtle;9;
success;9;
suppose;9;
total;9;
unless;9;
used;9;
wanting;9;
wasn;9;
wife;9;
acceptance;8;
actions;8;
addicted;8;
appearance;8;
approximation;8;
arc;8;
asks;8;
awareness;8;
beer;8;
birth;8;
books;8;
brings;8;
brought;8;
came;8;
careful;8;
clearly;8;
creating;8;
dark;8;
dead;8;
dedicated;8;
details;8;
directed;8;
discovers;8;
dissatisfied;8;
dissolved;8;
distracted;8;
divided;8;
dynamic;8;
emotion;8;
enchantment;8;
enjoying;8;
enjoys;8;
equal;8;
examples;8;
exist;8;
fair;8;
fall;8;
finances;8;
finds;8;
following;8;
frustrated;8;
fury;8;
games;8;
geography;8;
glass;8;
goals;8;
greater;8;
group;8;
guarded;8;
guidance;8;
hair;8;
happen;8;
honored;8;
husband;8;
inevitable;8;
infinity;8;
inherently;8;
interested;8;
magnify;8;
male;8;
mine;8;
motive;8;
obviously;8;
occurs;8;
older;8;
philosophy;8;
physically;8;
primarily;8;
problems;8;
questions;8;
rarely;8;
ravished;8;
realized;8;
resistances;8;
result;8;
results;8;
rigid;8;
saw;8;
schedule;8;
searches;8;
specific;8;
standing;8;
stands;8;
suffers;8;
sufficient;8;
surroundings;8;
telling;8;
terms;8;
therapist;8;
therapy;8;
tried;8;
type;8;
typical;8;
undirected;8;
videotape;8;
walk;8;
weary;8;
wounded;8;
aggressive;7;
allowed;7;
answer;7;
arises;7;
arm;7;
attempt;7;
bedroom;7;
believe;7;
blissful;7;
blood;7;
bob;7;
bottle;7;
bright;7;
causes;7;
cautious;7;
cease;7;
center;7;
charlene;7;
choice;7;
comfortable;7;
communicate;7;
complete;7;
constant;7;
constrained;7;
contained;7;
continually;7;
couldn;7;
couple;7;
couples;7;
created;7;
current;7;
decision;7;
demands;7;
difficulty;7;
driving;7;
drug;7;
ego;7;
elsewhere;7;
endless;7;
entirely;7;
evening;7;
expressed;7;
extent;7;
fantasies;7;
fearful;7;
feet;7;
filling;7;
financially;7;
flower;7;
food;7;
further;7;
genius;7;
girl;7;
grace;7;
gray;7;
high;7;
hopes;7;
improve;7;
inadvertently;7;
intensity;7;
jon;7;
lie;7;
lies;7;
limitations;7;
limited;7;
ll;7;
looked;7;
meditation;7;
movies;7;
near;7;
obligations;7;
offered;7;
opened;7;
painful;7;
particularly;7;
path;7;
period;7;
practiced;7;
preference;7;
reach;7;
recognition;7;
rejected;7;
requires;7;
respect;7;
response;7;
said;7;
sensation;7;
sensuality;7;
simple;7;
soon;7;
sources;7;
speaks;7;
spent;7;
states;7;
stop;7;
stuck;7;
swimming;7;
taken;7;
task;7;
temporary;7;
tired;7;
touching;7;
trip;7;
trustable;7;
turning;7;
unity;7;
void;7;
warm;7;
watch;7;
weakened;7;
wear;7;
went;7;
wholeness;7;
win;7;
workplace;7;
workshops;7;
year;7;
yielding;7;
abandon;6;
abandoned;6;
absorbed;6;
accomplish;6;
allowing;6;
analytical;6;
anatomy;6;
answered;6;
appear;6;
appropriate;6;
approximate;6;
aren;6;
attempting;6;
bit;6;
break;6;
busy;6;
caring;6;
catalog;6;
completed;6;
compromise;6;
compromised;6;
concern;6;
conflict;6;
connection;6;
consider;6;
constantly;6;
couch;6;
creation;6;
criticism;6;
cultivating;6;
cultural;6;
cut;6;
decided;6;
decrease;6;
degree;6;
deida;6;
delight;6;
demanding;6;
denying;6;
depending;6;
depends;6;
deviance;6;
devotion;6;
discovering;6;
dissolves;6;
divorce;6;
door;6;
dream;6;
driven;6;
easier;6;
economic;6;
effect;6;
enchant;6;
enchanting;6;
ends;6;
entered;6;
entering;6;
escape;6;
expresses;6;
field;6;
figure;6;
finish;6;
finished;6;
fixed;6;
forceful;6;
formed;6;
founded;6;
fullest;6;
futility;6;
future;6;
gently;6;
heal;6;
hearted;6;
hers;6;
hiding;6;
hole;6;
identity;6;
immediate;6;
improvement;6;
individual;6;
integration;6;
intuitive;6;
involve;6;
joy;6;
left;6;
lets;6;
likes;6;
limitation;6;
listening;6;
lived;6;
macho;6;
mental;6;
meter;6;
mid;6;
minutes;6;
models;6;
morning;6;
movement;6;
negative;6;
neutralization;6;
none;6;
north;6;
number;6;
object;6;
obstacles;6;
offering;6;
ongoing;6;
opportunity;6;
opposition;6;
outer;6;
page;6;
paid;6;
particular;6;
party;6;
percent;6;
periods;6;
picture;6;
possibility;6;
praise;6;
prefers;6;
provide;6;
radiantly;6;
reality;6;
reasons;6;
receives;6;
reclaim;6;
reconnect;6;
refreshing;6;
relinquish;6;
repulsion;6;
safety;6;
security;6;
seen;6;
seriously;6;
serving;6;
sexy;6;
sit;6;
six;6;
slave;6;
somewhat;6;
sought;6;
spirit;6;
stable;6;
stance;6;
stay;6;
stronger;6;
struggling;6;
styles;6;
suffer;6;
suppressed;6;
tended;6;
thinks;6;
threatened;6;
tropical;6;
trouble;6;
turns;6;
ultimately;6;
unbounded;6;
understood;6;
unsatisfied;6;
unseen;6;
useful;6;
victorious;6;
wait;6;
wave;6;
week;6;
wine;6;
wise;6;
witnessed;6;
worked;6;
yours;6;
above;5;
adult;5;
affected;5;
agree;5;
alcohol;5;
align;5;
aligned;5;
alike;5;
almost;5;
among;5;
animates;5;
ann;5;
apart;5;
appreciated;5;
arena;5;
artistic;5;
asking;5;
assert;5;
beginning;5;
blessing;5;
boat;5;
bogart;5;
boy;5;
burdens;5;
butting;5;
carry;5;
certainty;5;
challenges;5;
chance;5;
cherished;5;
closes;5;
clothes;5;
colleague;5;
coming;5;
commune;5;
compared;5;
competing;5;
complain;5;
complaining;5;
complaints;5;
contact;5;
counseling;5;
counter;5;
covered;5;
cultivates;5;
cycle;5;
dangerous;5;
deal;5;
defined;5;
demand;5;
denial;5;
denied;5;
depolarizing;5;
destruction;5;
devoted;5;
dinner;5;
directions;5;
discussion;5;
disposition;5;
dominated;5;
drugs;5;
elements;5;
embraced;5;
enchants;5;
engaged;5;
entire;5;
essentially;5;
establish;5;
exchange;5;
external;5;
fantasy;5;
favorite;5;
fills;5;
forever;5;
friendships;5;
front;5;
gained;5;
gaining;5;
gifted;5;
god;5;
got;5;
health;5;
highest;5;
holds;5;
immediately;5;
includes;5;
indeed;5;
inevitably;5;
infinite;5;
initiation;5;
intuition;5;
inviting;5;
killing;5;
kitchen;5;
knowing;5;
lacking;5;
latent;5;
leaves;5;
level;5;
liberated;5;
lifetime;5;
lists;5;
literally;5;
lovemaking;5;
lovingly;5;
lucky;5;
lukewarm;5;
magnetic;5;
magnets;5;
major;5;
massage;5;
maturity;5;
modes;5;
monastery;5;
name;5;
neck;5;
needed;5;
nobody;5;
noticed;5;
option;5;
overwhelm;5;
partially;5;
pattern;5;
patterns;5;
pays;5;
penetrating;5;
position;5;
positive;5;
profound;5;
protecting;5;
protection;5;
provides;5;
providing;5;
purity;5;
push;5;
pushes;5;
pushing;5;
quickly;5;
radiates;5;
receptive;5;
recognize;5;
recognizing;5;
refreshed;5;
regularly;5;
rejection;5;
rejuvenate;5;
relate;5;
relates;5;
relaxation;5;
releasing;5;
reluctant;5;
resists;5;
rhythm;5;
secret;5;
sensations;5;
service;5;
settle;5;
sharp;5;
shifting;5;
show;5;
shows;5;
sign;5;
silence;5;
sisters;5;
sits;5;
situations;5;
smell;5;
soften;5;
solution;5;
strange;5;
stranger;5;
street;5;
struggle;5;
sufficiency;5;
sunset;5;
superficial;5;
superior;5;
surfer;5;
sword;5;
table;5;
talents;5;
tells;5;
tense;5;
thereby;5;
treat;5;
trees;5;
trusts;5;
unconscious;5;
under;5;
unfulfilled;5;
uniquely;5;
united;5;
ve;5;
view;5;
walking;5;
war;5;
wonder;5;
wrinkled;5;
young;5;
younger;5;
account;4;
achieved;4;
acquire;4;
actively;4;
activities;4;
acts;4;
adding;4;
age;4;
air;4;
alternative;4;
amount;4;
animal;4;
arranged;4;
attitude;4;
authority;4;
automatically;4;
autonomous;4;
available;4;
avoid;4;
beans;4;
behavior;4;
beneath;4;
black;4;
blocked;4;
bodied;4;
born;4;
boss;4;
bottom;4;
boxing;4;
brightly;4;
burden;4;
businesswoman;4;
calls;4;
ceased;4;
centered;4;
challenged;4;
charge;4;
cherish;4;
chest;4;
choices;4;
closed;4;
closure;4;
clubs;4;
companionship;4;
compassion;4;
competition;4;
competitive;4;
completion;4;
concepts;4;
confined;4;
conflicts;4;
considered;4;
consolation;4;
constraints;4;
contemplating;4;
continued;4;
contract;4;
corporate;4;
criticized;4;
cutting;4;
daughters;4;
decide;4;
depolarization;4;
depolarized;4;
depths;4;
desiring;4;
determined;4;
develops;4;
deviating;4;
devote;4;
dies;4;
disappears;4;
disciplined;4;
discuss;4;
dissolve;4;
dissolving;4;
divorced;4;
dreams;4;
dress;4;
drink;4;
drinking;4;
effective;4;
efforts;4;
embraces;4;
ended;4;
energetic;4;
engage;4;
enhance;4;
enlivened;4;
everybody;4;
evolution;4;
exact;4;
expectations;4;
expected;4;
explore;4;
eye;4;
fairness;4;
fashion;4;
fast;4;
favor;4;
fearless;4;
fight;4;
final;4;
finding;4;
fingers;4;
floor;4;
fragrance;4;
fresh;4;
friendly;4;
frustration;4;
fundamental;4;
general;4;
glow;4;
graceful;4;
gratitude;4;
greatest;4;
hasn;4;
heads;4;
healed;4;
hesitation;4;
heterosexual;4;
hide;4;
hill;4;
humorous;4;
idea;4;
ideas;4;
ignoring;4;
illusion;4;
incarnate;4;
incarnating;4;
incarnation;4;
inch;4;
include;4;
intense;4;
intentioned;4;
invite;4;
journey;4;
juices;4;
knew;4;
known;4;
lacks;4;
language;4;
limits;4;
line;4;
lips;4;
literal;4;
low;4;
lush;4;
magnification;4;
magnified;4;
maintaining;4;
majority;4;
masturbation;4;
meeting;4;
melt;4;
met;4;
mistake;4;
mistrust;4;
misunderstanding;4;
moods;4;
mostly;4;
motion;4;
mouth;4;
mystery;4;
needy;4;
notices;4;
novels;4;
objects;4;
occupied;4;
occur;4;
onto;4;
outdated;4;
outward;4;
overall;4;
paper;4;
paradoxically;4;
participate;4;
paths;4;
pervasive;4;
philosophical;4;
picking;4;
plan;4;
points;4;
pool;4;
prepared;4;
psyche;4;
pull;4;
pulls;4;
pushy;4;
puts;4;
quiz;4;
rang;4;
range;4;
rape;4;
ravishing;4;
recognizes;4;
red;4;
rediscover;4;
rejuvenating;4;
relational;4;
releases;4;
relieve;4;
reminder;4;
research;4;
resisting;4;
retreat;4;
reversal;4;
role;4;
sacred;4;
seeing;4;
senses;4;
sequence;4;
sexing;4;
shifts;4;
shouldn;4;
similar;4;
singing;4;
skills;4;
sky;4;
small;4;
smiling;4;
snack;4;
solved;4;
solving;4;
somewhere;4;
south;4;
spacious;4;
spiritually;4;
split;4;
start;4;
starts;4;
stays;4;
steady;4;
strengthening;4;
strengths;4;
struggles;4;
study;4;
submission;4;
succeed;4;
successfully;4;
sucks;4;
supporting;4;
suppressive;4;
surf;4;
surface;4;
surrounded;4;
tangible;4;
teacher;4;
tendency;4;
texture;4;
thought;4;
told;4;
touched;4;
town;4;
transcendence;4;
transform;4;
transforming;4;
transition;4;
transmission;4;
trusted;4;
unafraid;4;
unclear;4;
unending;4;
unfinished;4;
uniqueness;4;
universe;4;
unlove;4;
unloved;4;
unpredictable;4;
unusual;4;
upset;4;
vacation;4;
various;4;
version;4;
victory;4;
violent;4;
visit;4;
vulnerability;4;
walks;4;
washy;4;
watched;4;
waters;4;
weaker;4;
wherein;4;
wildly;4;
wishy;4;
witness;4;
witnessing;4;
wonders;4;
word;4;
worldly;4;
worthy;4;
wouldn;4;
wrought;4;
yearns;4;
zero;4;
abstract;3;
abused;3;
abusing;3;
accepted;3;
accepting;3;
accomplishment;3;
accorded;3;
accurately;3;
achievement;3;
acknowledge;3;
acquisition;3;
acted;3;
advanced;3;
adventure;3;
affect;3;
affectionate;3;
afternoon;3;
aggression;3;
aggressively;3;
ago;3;
ahead;3;
aliveness;3;
altogether;3;
amidst;3;
analyze;3;
angular;3;
apparently;3;
appreciation;3;
approach;3;
argue;3;
arise;3;
arising;3;
arrange;3;
arrangement;3;
arts;3;
aside;3;
asked;3;
assertive;3;
assuming;3;
author;3;
avoiding;3;
awakened;3;
awakening;3;
ballbusters;3;
bank;3;
beings;3;
belly;3;
bills;3;
birthday;3;
bisexual;3;
biting;3;
bloom;3;
blooming;3;
blooms;3;
blowing;3;
bound;3;
boys;3;
breathes;3;
brighter;3;
building;3;
burned;3;
california;3;
calm;3;
camping;3;
carefully;3;
caresses;3;
caressing;3;
carries;3;
cases;3;
celebrating;3;
cell;3;
changed;3;
chaos;3;
chaotic;3;
chat;3;
chocolate;3;
chooses;3;
circumstances;3;
class;3;
clean;3;
client;3;
closer;3;
clothing;3;
clouds;3;
club;3;
colored;3;
colorful;3;
comfort;3;
committing;3;
community;3;
companion;3;
complex;3;
computer;3;
concentrated;3;
concerns;3;
concrete;3;
consistently;3;
consort;3;
contemplates;3;
contemplation;3;
contraction;3;
contributing;3;
conventional;3;
converted;3;
cosmos;3;
country;3;
coupled;3;
courses;3;
cover;3;
craving;3;
cream;3;
creates;3;
creatively;3;
criticize;3;
crying;3;
cultivated;3;
culturally;3;
cultures;3;
currently;3;
currents;3;
curves;3;
cuts;3;
cycles;3;
damn;3;
deathlike;3;
definitely;3;
demons;3;
demonstrates;3;
demonstration;3;
depressed;3;
described;3;
desk;3;
despair;3;
died;3;
digging;3;
diminished;3;
diminishes;3;
directing;3;
dis;3;
disappointed;3;
dissatisfaction;3;
dissolution;3;
distract;3;
distraction;3;
dividing;3;
divisions;3;
doors;3;
drained;3;
drama;3;
drank;3;
draws;3;
drive;3;
dry;3;
eat;3;
eden;3;
edges;3;
emphasis;3;
empower;3;
enchanted;3;
enlightened;3;
enliven;3;
enters;3;
equals;3;
equitable;3;
equivalence;3;
established;3;
establishing;3;
esteem;3;
everyday;3;
evokes;3;
evolved;3;
except;3;
exciting;3;
excluded;3;
expense;3;
extend;3;
extraordinary;3;
facing;3;
fail;3;
failing;3;
failure;3;
falling;3;
falsely;3;
familiar;3;
familiarity;3;
fashionable;3;
female;3;
figured;3;
fire;3;
five;3;
focusing;3;
forgetting;3;
forgotten;3;
formal;3;
foundation;3;
freeing;3;
frustrate;3;
frustrating;3;
fuck;3;
functional;3;
gentle;3;
glorious;3;
glory;3;
glowing;3;
gracefully;3;
gradually;3;
grounded;3;
guarding;3;
guided;3;
guilty;3;
halfway;3;
hardened;3;
hardly;3;
hears;3;
hello;3;
helpless;3;
heroes;3;
historically;3;
homosexual;3;
honest;3;
honestly;3;
household;3;
hurts;3;
image;3;
incident;3;
included;3;
incompleteness;3;
increased;3;
increases;3;
indecisive;3;
individuals;3;
induced;3;
information;3;
inhibitions;3;
insensitive;3;
inspired;3;
intent;3;
invitation;3;
invites;3;
inwardly;3;
irrelevant;3;
island;3;
issue;3;
jewelry;3;
jobs;3;
keeping;3;
keeps;3;
kids;3;
kisses;3;
knee;3;
lacked;3;
late;3;
laughing;3;
law;3;
laws;3;
legs;3;
liberation;3;
lifestyle;3;
locked;3;
logic;3;
logical;3;
loose;3;
loses;3;
loud;3;
magnifies;3;
maintain;3;
manifest;3;
marijuana;3;
married;3;
marry;3;
masculines;3;
massaging;3;
mastering;3;
matches;3;
mature;3;
mediocre;3;
memory;3;
millions;3;
mirror;3;
miss;3;
misunderstandings;3;
modal;3;
mountains;3;
muscles;3;
mystical;3;
myth;3;
naked;3;
navigating;3;
needle;3;
negate;3;
negating;3;
neglects;3;
neutrality;3;
neutralizing;3;
nice;3;
nipples;3;
nurture;3;
nurtures;3;
obliged;3;
oblivion;3;
observe;3;
obsession;3;
obstructions;3;
opportunities;3;
orientation;3;
outgrown;3;
overflowing;3;
overt;3;
overwhelming;3;
packing;3;
parenting;3;
participants;3;
partnerships;3;
penetration;3;
persistence;3;
persistent;3;
personality;3;
perspective;3;
perspectives;3;
pervaded;3;
plans;3;
plant;3;
playful;3;
please;3;
polar;3;
polarize;3;
polarizing;3;
popular;3;
pose;3;
possibilities;3;
poured;3;
powers;3;
practitioners;3;
praising;3;
precisely;3;
pressure;3;
price;3;
principle;3;
principles;3;
private;3;
projects;3;
proper;3;
psychological;3;
public;3;
punishing;3;
pure;3;
purposefully;3;
puzzle;3;
radiate;3;
rainbow;3;
raise;3;
raising;3;
rare;3;
reached;3;
realizing;3;
received;3;
reciprocate;3;
reclaiming;3;
recognized;3;
reduced;3;
reflects;3;
refusal;3;
refuse;3;
rejuvenation;3;
relations;3;
relative;3;
relinquishes;3;
remaining;3;
remembering;3;
remembers;3;
remembrance;3;
remind;3;
reminded;3;
rendered;3;
renewed;3;
repeating;3;
repel;3;
resistant;3;
resources;3;
restaurant;3;
resting;3;
reveal;3;
reveals;3;
reverence;3;
ride;3;
risky;3;
river;3;
romantically;3;
round;3;
routine;3;
run;3;
running;3;
runs;3;
saint;3;
sameness;3;
satisfaction;3;
scene;3;
school;3;
scientific;3;
screen;3;
secondary;3;
secretly;3;
section;3;
seminars;3;
separateness;3;
serious;3;
settles;3;
shape;3;
sharpness;3;
shell;3;
shirts;3;
shot;3;
shoulder;3;
sight;3;
sleep;3;
smithereens;3;
smiths;3;
sofa;3;
soft;3;
somehow;3;
sound;3;
sounds;3;
spine;3;
spite;3;
spouse;3;
stalemate;3;
star;3;
started;3;
stillness;3;
stock;3;
storms;3;
straight;3;
strengthen;3;
stress;3;
subject;3;
sublime;3;
submissive;3;
submit;3;
sudden;3;
suffered;3;
suit;3;
suits;3;
sun;3;
superficially;3;
superiority;3;
supported;3;
supportive;3;
suppress;3;
suppresses;3;
sustains;3;
sweat;3;
sweep;3;
taboos;3;
taught;3;
therapists;3;
thousands;3;
throwing;3;
thrust;3;
tiger;3;
tightly;3;
tomorrow;3;
touches;3;
trace;3;
track;3;
traditional;3;
transcending;3;
transmitted;3;
treated;3;
tree;3;
tremendous;3;
turmoil;3;
types;3;
unauthentic;3;
unchanging;3;
uncomfortable;3;
understands;3;
unfulfilling;3;
unhealthy;3;
university;3;
unlike;3;
unnoticed;3;
upward;3;
uses;3;
usual;3;
value;3;
valued;3;
viewed;3;
visionary;3;
wake;3;
weaken;3;
wearing;3;
weekly;3;
weeks;3;
weight;3;
wide;3;
willingly;3;
wishing;3;
withhold;3;
womanhood;3;
wound;3;
write;3;
yes;3;
yoga;3;
abandoning;2;
abruptly;2;
absence;2;
absent;2;
abundant;2;
abyss;2;
accounts;2;
acquired;2;
acquiring;2;
actual;2;
actuality;2;
add;2;
addiction;2;
addition;2;
advantage;2;
advice;2;
affects;2;
agreed;2;
alternately;2;
ambitions;2;
america;2;
analyzing;2;
anatomically;2;
angrily;2;
animals;2;
animated;2;
answering;2;
anti;2;
anyway;2;
appearing;2;
appears;2;
apply;2;
approaches;2;
approximations;2;
area;2;
argument;2;
aroused;2;
artful;2;
articulate;2;
asia;2;
asleep;2;
atop;2;
attend;2;
attuned;2;
audiotapes;2;
awaken;2;
awe;2;
bachelor;2;
backward;2;
ball;2;
barely;2;
bashing;2;
basically;2;
beating;2;
beats;2;
begun;2;
behave;2;
behind;2;
behold;2;
belief;2;
believing;2;
beneficial;2;
besides;2;
biggest;2;
bigmoney;2;
bird;2;
birds;2;
blah;2;
blame;2;
blaming;2;
blind;2;
blinded;2;
blissing;2;
blue;2;
board;2;
boundary;2;
boundless;2;
boxes;2;
breaks;2;
breasts;2;
breathed;2;
breeze;2;
brightness;2;
brilliant;2;
brother;2;
bucks;2;
buildings;2;
bum;2;
calling;2;
calmly;2;
canyon;2;
careers;2;
caress;2;
carried;2;
casablanca;2;
casual;2;
centrifugal;2;
chain;2;
chances;2;
changes;2;
chapters;2;
characterized;2;
charged;2;
cheek;2;
chi;2;
childish;2;
circles;2;
clench;2;
clicks;2;
clients;2;
clings;2;
clock;2;
closely;2;
closet;2;
coincidence;2;
collapse;2;
collapsing;2;
college;2;
color;2;
commits;2;
communicated;2;
communicates;2;
communicating;2;
communications;2;
communicative;2;
compass;2;
compete;2;
complement;2;
concentrating;2;
concentration;2;
concerning;2;
confines;2;
confuse;2;
confusion;2;
connect;2;
connecting;2;
conquer;2;
considering;2;
consultant;2;
contain;2;
contemplative;2;
contrary;2;
controlling;2;
conventionally;2;
conversations;2;
cook;2;
cooking;2;
cooperative;2;
cop;2;
corporation;2;
correct;2;
cosmetic;2;
countryside;2;
coupling;2;
courting;2;
courts;2;
crave;2;
crippled;2;
critical;2;
cross;2;
crossword;2;
crunched;2;
cul;2;
curtly;2;
dancer;2;
dances;2;
date;2;
de;2;
deepen;2;
defense;2;
definition;2;
delightful;2;
denies;2;
departure;2;
dependency;2;
depression;2;
describe;2;
describes;2;
desired;2;
destination;2;
destroyed;2;
determination;2;
deviant;2;
deviated;2;
devoting;2;
devotional;2;
dictated;2;
difficulties;2;
dining;2;
disagree;2;
discovery;2;
discriminate;2;
discussing;2;
discussions;2;
disempowered;2;
disgusted;2;
disowned;2;
disowning;2;
disowns;2;
disregarded;2;
dissatisfying;2;
distance;2;
distant;2;
distractions;2;
dives;2;
divide;2;
dogs;2;
domain;2;
dominance;2;
downs;2;
dramas;2;
draw;2;
drawing;2;
drawn;2;
dreaming;2;
dressing;2;
drew;2;
drift;2;
due;2;
dull;2;
duty;2;
earlier;2;
early;2;
eating;2;
eats;2;
educated;2;
education;2;
educator;2;
effects;2;
effortless;2;
elected;2;
electricity;2;
elegant;2;
embody;2;
emerge;2;
emerges;2;
emphasize;2;
emphasized;2;
emphasizes;2;
empowering;2;
emptied;2;
encompassing;2;
ending;2;
enemies;2;
energizes;2;
engaging;2;
enhanced;2;
enlivens;2;
entwined;2;
equivalent;2;
erect;2;
erotic;2;
escaping;2;
estate;2;
etc;2;
eternal;2;
evenings;2;
events;2;
everywhere;2;
evoking;2;
evolving;2;
examined;2;
examining;2;
excited;2;
excuse;2;
exhausted;2;
existence;2;
experiencing;2;
experimentation;2;
exploding;2;
exploration;2;
exposing;2;
expressive;2;
exquisite;2;
exquisitely;2;
faces;2;
fade;2;
fails;2;
fancy;2;
feeds;2;
femininity;2;
fertile;2;
fierce;2;
fighting;2;
fights;2;
figures;2;
finger;2;
finishing;2;
fishing;2;
fixing;2;
flat;2;
flinching;2;
flush;2;
forcefully;2;
forehead;2;
forest;2;
forgets;2;
forth;2;
france;2;
frequent;2;
fruition;2;
function;2;
furious;2;
gathered;2;
gaze;2;
genders;2;
generated;2;
genital;2;
geographic;2;
geographical;2;
gesture;2;
girlfriend;2;
glimpse;2;
global;2;
gloriously;2;
golden;2;
gorgeous;2;
grand;2;
gravity;2;
greeting;2;
grief;2;
guavas;2;
guide;2;
guiding;2;
gut;2;
habitual;2;
hairy;2;
hands;2;
happening;2;
happier;2;
harsh;2;
haven;2;
heady;2;
heard;2;
hearing;2;
heat;2;
held;2;
hell;2;
hides;2;
hike;2;
hindu;2;
history;2;
honoring;2;
hopeless;2;
hour;2;
housewife;2;
hurricanes;2;
hurried;2;
hurting;2;
ice;2;
idealized;2;
ideals;2;
ideological;2;
ideology;2;
ignored;2;
illuminate;2;
images;2;
imaginary;2;
imbalance;2;
imitation;2;
impeccable;2;
imprint;2;
inc;2;
incarnated;2;
incidents;2;
inclined;2;
inclusive;2;
incomplete;2;
increase;2;
increasing;2;
india;2;
indifferent;2;
infatuation;2;
influenced;2;
informs;2;
initiated;2;
innocent;2;
insist;2;
inspiring;2;
instant;2;
instantly;2;
intellectual;2;
intellectually;2;
intensely;2;
intensives;2;
intention;2;
intentional;2;
interchangeable;2;
interest;2;
interesting;2;
interests;2;
internally;2;
interrupt;2;
interrupted;2;
interrupts;2;
intimately;2;
intimates;2;
introduction;2;
intuitions;2;
intuitively;2;
investigation;2;
investment;2;
involvement;2;
involving;2;
isbn;2;
isolation;2;
issues;2;
jealousy;2;
join;2;
joins;2;
joint;2;
kiss;2;
knot;2;
large;2;
larger;2;
lasts;2;
latter;2;
laugh;2;
laughter;2;
lay;2;
layers;2;
leading;2;
led;2;
length;2;
lesser;2;
lessons;2;
liberate;2;
lines;2;
lingering;2;
lively;2;
located;2;
loudly;2;
lousy;2;
lying;2;
magical;2;
magnet;2;
magnifying;2;
manhood;2;
manifestations;2;
market;2;
masculinity;2;
massive;2;
mastery;2;
mate;2;
mates;2;
matters;2;
meal;2;
meant;2;
mechanical;2;
mechanics;2;
medical;2;
meditating;2;
melted;2;
melting;2;
members;2;
message;2;
metaphorical;2;
method;2;
misses;2;
misunderstood;2;
moan;2;
modality;2;
moding;2;
month;2;
moral;2;
mortal;2;
mortgage;2;
motivation;2;
mound;2;
mountain;2;
movie;2;
mr;2;
murder;2;
mutually;2;
narrow;2;
narrowed;2;
narrowly;2;
navigate;2;
nearby;2;
nearly;2;
needing;2;
newspaper;2;
nose;2;
notion;2;
novel;2;
numb;2;
oatmeal;2;
obligation;2;
obliterating;2;
observed;2;
obsolete;2;
obstruction;2;
occasion;2;
oil;2;
ones;2;
operas;2;
opinion;2;
opponent;2;
opposing;2;
ordered;2;
organized;2;
orgasms;2;
ounce;2;
outlooks;2;
outwardly;2;
overtly;2;
owned;2;
pacing;2;
painfully;2;
painting;2;
papayas;2;
parent;2;
passive;2;
per;2;
persevere;2;
persist;2;
personally;2;
personhood;2;
pervades;2;
pervading;2;
philosophies;2;
pick;2;
pictures;2;
piece;2;
pieces;2;
placed;2;
planets;2;
planned;2;
played;2;
playfully;2;
plays;2;
pointing;2;
poke;2;
pop;2;
populated;2;
possibly;2;
potato;2;
potent;2;
potentially;2;
pound;2;
powerfully;2;
powerlessness;2;
praying;2;
precious;2;
predetermined;2;
predict;2;
preferable;2;
prepare;2;
pretty;2;
prevents;2;
previous;2;
priests;2;
primal;2;
prior;2;
prize;2;
progressively;2;
prone;2;
properly;2;
proposal;2;
protect;2;
protected;2;
protective;2;
psychology;2;
publication;2;
publisher;2;
pulled;2;
pulling;2;
punishment;2;
purposed;2;
purposes;2;
purring;2;
pushover;2;
questionable;2;
questioning;2;
quiet;2;
quintessential;2;
rabbis;2;
race;2;
radiating;2;
rage;2;
rainbows;2;
rapture;2;
ravishes;2;
ravishment;2;
raw;2;
recent;2;
recipient;2;
reconnecting;2;
reduction;2;
referring;2;
regather;2;
regret;2;
regular;2;
rejecting;2;
rejuvenated;2;
relentless;2;
remained;2;
reminds;2;
removing;2;
renovate;2;
repeat;2;
replicate;2;
repulsed;2;
required;2;
requirements;2;
requiring;2;
reserved;2;
reservoir;2;
respecting;2;
respectively;2;
responses;2;
restored;2;
reverse;2;
rides;2;
rigidity;2;
rigidly;2;
ringing;2;
rings;2;
ritual;2;
roll;2;
root;2;
roughly;2;
route;2;
rules;2;
sacrificed;2;
sacrificing;2;
safer;2;
san;2;
sand;2;
satisfying;2;
saturday;2;
scenes;2;
science;2;
scratch;2;
scream;2;
screaming;2;
screwed;2;
se;2;
seamless;2;
seduces;2;
selfless;2;
separating;2;
series;2;
served;2;
shall;2;
shaped;2;
shares;2;
shelves;2;
shifted;2;
shining;2;
shirt;2;
shone;2;
shortest;2;
shoulders;2;
shout;2;
showed;2;
shower;2;
showing;2;
showings;2;
shuts;2;
shutting;2;
shy;2;
signs;2;
silent;2;
silly;2;
simplicity;2;
sister;2;
size;2;
skill;2;
skilled;2;
slices;2;
slouched;2;
slowly;2;
smaller;2;
snow;2;
soap;2;
softens;2;
son;2;
spasmodic;2;
speaking;2;
specifically;2;
spends;2;
splitting;2;
springs;2;
squelched;2;
squelches;2;
stability;2;
staff;2;
starting;2;
starved;2;
starving;2;
staying;2;
stepping;2;
stereotypes;2;
store;2;
story;2;
strangers;2;
strategy;2;
streets;2;
stressed;2;
striking;2;
stripped;2;
structured;2;
stuff;2;
submitting;2;
substantial;2;
substitution;2;
subtly;2;
succeeded;2;
suggesting;2;
suited;2;
summer;2;
supermarket;2;
suppression;2;
surfing;2;
surgery;2;
surround;2;
survey;2;
surveys;2;
survive;2;
sway;2;
sweeping;2;
sweetest;2;
sweets;2;
swept;2;
swirling;2;
switch;2;
swoon;2;
sympathetic;2;
tacitly;2;
tai;2;
talent;2;
taste;2;
tasted;2;
teachers;2;
teaches;2;
team;2;
tears;2;
telephone;2;
television;2;
temperature;2;
tempered;2;
tendencies;2;
tennis;2;
terrain;2;
territory;2;
test;2;
tests;2;
textures;2;
thank;2;
theories;2;
theory;2;
threads;2;
threat;2;
threatening;2;
tied;2;
tiny;2;
title;2;
toe;2;
tomatoes;2;
tongue;2;
tower;2;
transcend;2;
transformation;2;
transmit;2;
transparent;2;
trap;2;
trustworthy;2;
typically;2;
ugly;2;
unaffected;2;
unaware;2;
uncertainty;2;
uncompromising;2;
uncontained;2;
underneath;2;
undistracted;2;
undivided;2;
unencumbered;2;
unfortunately;2;
ungiven;2;
unhappiness;2;
unhappy;2;
unifying;2;
uninhibitedly;2;
unlikely;2;
unlovingly;2;
unnecessary;2;
unspoken;2;
untangling;2;
unto;2;
ups;2;
using;2;
utopian;2;
vague;2;
valuable;2;
varieties;2;
variety;2;
vast;2;
vastness;2;
vcr;2;
venture;2;
verbal;2;
versa;2;
vice;2;
videotaped;2;
videotapes;2;
viewing;2;
views;2;
violation;2;
vocations;2;
wakes;2;
walked;2;
wandering;2;
warmth;2;
waves;2;
weakens;2;
weakness;2;
weaknesses;2;
wealth;2;
wears;2;
welcoming;2;
wherever;2;
whomever;2;
widened;2;
wider;2;
wimps;2;
wind;2;
window;2;
winds;2;
winning;2;
wish;2;
wished;2;
withdraw;2;
withdrawing;2;
withdraws;2;
withholding;2;
wonderful;2;
wondering;2;
woods;2;
workday;2;
workers;2;
workshop;2;
worlds;2;
worth;2;
wounding;2;
wounds;2;
wrist;2;
writer;2;
yearn;2;
yell;2;
yesterday;2;
yields;2;
aahhh;1;
abandonment;1;
abandons;1;
abhors;1;
abiding;1;
abilities;1;
abrupt;1;
absorption;1;
abstraction;1;
abstractions;1;
abuses;1;
abusively;1;
academic;1;
accentuated;1;
according;1;
accordingly;1;
accumulated;1;
accumulation;1;
accurate;1;
accusing;1;
ache;1;
achieves;1;
acknowledged;1;
acquires;1;
acquisitional;1;
acting;1;
activist;1;
activity;1;
acutely;1;
addictions;1;
address;1;
admiration;1;
admire;1;
admitting;1;
adolescent;1;
adopted;1;
adoration;1;
adults;1;
advertised;1;
affairs;1;
affirmations;1;
affords;1;
afterward;1;
agent;1;
agents;1;
ages;1;
aging;1;
agreement;1;
ah;1;
aikido;1;
airheads;1;
alarm;1;
aligns;1;
aloneness;1;
alongside;1;
aloof;1;
alternating;1;
alternatives;1;
amazingly;1;
ambivalent;1;
american;1;
amiss;1;
amongst;1;
amphetamines;1;
analyzed;1;
anatomical;1;
ancient;1;
angularly;1;
animation;1;
annoy;1;
ante;1;
anthropomorphize;1;
anxiety;1;
anxious;1;
anybody;1;
anymore;1;
anywhere;1;
apathetic;1;
apologize;1;
appeared;1;
appointment;1;
appreciates;1;
appreciating;1;
appropriately;1;
approval;1;
approximated;1;
approximating;1;
arches;1;
archetypes;1;
arenas;1;
arguing;1;
arid;1;
arousal;1;
arouse;1;
arrangements;1;
arranging;1;
arrived;1;
articulated;1;
artifacts;1;
artists;1;
asphalt;1;
ass;1;
assertiveness;1;
asserts;1;
assess;1;
associates;1;
assume;1;
assumes;1;
assumptions;1;
assured;1;
ate;1;
athletes;1;
atmosphere;1;
atoms;1;
attacks;1;
attained;1;
attaining;1;
attempted;1;
attending;1;
attends;1;
attentive;1;
attribute;1;
attunement;1;
audience;1;
automatic;1;
ave;1;
avoidance;1;
avoided;1;
await;1;
awaits;1;
awake;1;
awakens;1;
awhile;1;
babes;1;
baby;1;
bachelorhood;1;
backgammon;1;
background;1;
backpack;1;
backwards;1;
badly;1;
bailing;1;
bali;1;
balinese;1;
balmy;1;
bamboo;1;
bandage;1;
banging;1;
bangs;1;
baptized;1;
bare;1;
barking;1;
barks;1;
barn;1;
bask;1;
basketball;1;
bath;1;
bathed;1;
bathing;1;
bathwater;1;
battle;1;
battleground;1;
battles;1;
beaches;1;
beacon;1;
beaded;1;
beads;1;
bear;1;
beat;1;
beckoning;1;
beers;1;
beg;1;
behavioral;1;
behaviors;1;
beheld;1;
beholding;1;
beliefs;1;
believes;1;
belittling;1;
bellies;1;
beloved;1;
benefit;1;
benefits;1;
bent;1;
betrayal;1;
biceps;1;
bigger;1;
bikini;1;
birther;1;
bitch;1;
bits;1;
blessed;1;
blessings;1;
blissfully;1;
blob;1;
blocks;1;
blow;1;
blown;1;
blows;1;
blush;1;
boardroom;1;
bold;1;
bombarded;1;
bonding;1;
bone;1;
bones;1;
bookworm;1;
bored;1;
boring;1;
bortner;1;
bossy;1;
boston;1;
bother;1;
bothering;1;
bouncing;1;
bountiful;1;
bouquet;1;
bowing;1;
boyfriend;1;
brains;1;
brainwashed;1;
brandy;1;
bread;1;
breadwinner;1;
breakdown;1;
breather;1;
brighten;1;
brim;1;
bringing;1;
broadly;1;
broke;1;
broken;1;
brown;1;
brushes;1;
brute;1;
bucking;1;
buckling;1;
buddha;1;
buddhist;1;
buds;1;
bugs;1;
build;1;
builder;1;
builders;1;
built;1;
burn;1;
burning;1;
burst;1;
bushes;1;
businessperson;1;
businesswomen;1;
butterfly;1;
buttocks;1;
buys;1;
buzzing;1;
bye;1;
cabin;1;
cafe;1;
caffeine;1;
calendar;1;
caller;1;
calms;1;
capacities;1;
capital;1;
capitalists;1;
captivating;1;
cared;1;
cares;1;
caricatured;1;
carpet;1;
carrying;1;
cars;1;
cash;1;
cast;1;
castrated;1;
cat;1;
cataloging;1;
catch;1;
catches;1;
catered;1;
catering;1;
cats;1;
caught;1;
caution;1;
caverns;1;
ceases;1;
celebration;1;
celebrities;1;
celibacy;1;
cellular;1;
central;1;
certified;1;
cessation;1;
chair;1;
challenging;1;
chambers;1;
champagne;1;
championed;1;
changeless;1;
chant;1;
characterization;1;
characters;1;
cheated;1;
checkbook;1;
checklist;1;
chemistry;1;
cherishing;1;
chess;1;
chez;1;
childcare;1;
childrearing;1;
chocolates;1;
choking;1;
choppy;1;
christen;1;
christian;1;
christmas;1;
churning;1;
cigarettes;1;
cip;1;
circle;1;
circulation;1;
circumstance;1;
cities;1;
claim;1;
claiming;1;
clasped;1;
classes;1;
claw;1;
claws;1;
clenched;1;
climb;1;
cling;1;
clinging;1;
clinical;1;
cloak;1;
cloaked;1;
closeness;1;
clout;1;
clue;1;
cluttered;1;
cm;1;
cocaine;1;
coffee;1;
cogs;1;
cold;1;
colleagues;1;
collecting;1;
collects;1;
colors;1;
combination;1;
combine;1;
combined;1;
commands;1;
commentator;1;
commenting;1;
comments;1;
commerce;1;
commercial;1;
committal;1;
communing;1;
companions;1;
comparison;1;
compassionate;1;
competence;1;
competent;1;
complained;1;
complaint;1;
completes;1;
complexities;1;
complicated;1;
comprehend;1;
concentrate;1;
concentric;1;
conditioned;1;
conducted;1;
conducting;1;
conferring;1;
confess;1;
confessing;1;
confession;1;
confides;1;
confine;1;
confining;1;
confirmed;1;
conflicted;1;
confrontation;1;
confrontations;1;
confusing;1;
congress;1;
congruent;1;
conjunctions;1;
conjured;1;
conquered;1;
conquering;1;
consequence;1;
consequences;1;
consideration;1;
consisted;1;
consistent;1;
consoling;1;
consorts;1;
constricted;1;
constructions;1;
consumer;1;
consumes;1;
consummate;1;
consummation;1;
contacting;1;
contacts;1;
containment;1;
contemplate;1;
content;1;
contents;1;
context;1;
continual;1;
continuing;1;
contracting;1;
contracts;1;
contributes;1;
contrived;1;
controlled;1;
controls;1;
conversing;1;
convince;1;
cookies;1;
cools;1;
cooperation;1;
coordinating;1;
copyright;1;
corner;1;
corners;1;
correctly;1;
cost;1;
costs;1;
counseled;1;
counselors;1;
count;1;
counterparts;1;
countries;1;
courage;1;
court;1;
coy;1;
crack;1;
crashes;1;
craved;1;
craven;1;
craves;1;
crazy;1;
creations;1;
creatures;1;
crinkle;1;
crises;1;
criterion;1;
criticizing;1;
crosses;1;
crossing;1;
crowd;1;
crucial;1;
crucified;1;
crush;1;
cruz;1;
cry;1;
cultivation;1;
cure;1;
curious;1;
cursory;1;
curvaceous;1;
cushion;1;
cushions;1;
cycling;1;
dangerously;1;
darkest;1;
darkness;1;
data;1;
dated;1;
dates;1;
deadly;1;
dealing;1;
dealings;1;
deals;1;
dealt;1;
dear;1;
deaths;1;
debate;1;
decreases;1;
dee;1;
deepened;1;
deerfield;1;
defeat;1;
defeated;1;
defended;1;
defends;1;
defenses;1;
definite;1;
delicacy;1;
delicate;1;
delighted;1;
delights;1;
deluded;1;
demanded;1;
demeanor;1;
demise;1;
demon;1;
demonstrate;1;
demonstrated;1;
denigrate;1;
denver;1;
depended;1;
dependents;1;
depersonalized;1;
deprioritize;1;
derive;1;
derived;1;
describing;1;
description;1;
deserted;1;
deserts;1;
deserve;1;
design;1;
designed;1;
desirable;1;
despairing;1;
despise;1;
dessert;1;
destiny;1;
destroying;1;
determine;1;
deters;1;
detour;1;
devastating;1;
development;1;
devotes;1;
dialed;1;
dictate;1;
diego;1;
differentiate;1;
differently;1;
differs;1;
dig;1;
digests;1;
dilemma;1;
dilemmas;1;
dim;1;
dimension;1;
dimensional;1;
dip;1;
directs;1;
disagreement;1;
disagreements;1;
disallowed;1;
disappearance;1;
disappeared;1;
disappointment;1;
disciplines;1;
discrimination;1;
disease;1;
diseases;1;
disembodiment;1;
disempowers;1;
disgust;1;
dishes;1;
disheveled;1;
dishonest;1;
dishonors;1;
dismal;1;
dismay;1;
displayed;1;
displays;1;
disregard;1;
disrupted;1;
dissection;1;
dissociate;1;
dissociated;1;
distancing;1;
distinction;1;
distinctly;1;
distractible;1;
distracting;1;
distrusts;1;
disturbed;1;
dive;1;
division;1;
doctor;1;
doctors;1;
doctrine;1;
dog;1;
doll;1;
dollars;1;
domains;1;
dominant;1;
dominating;1;
domination;1;
domineering;1;
doorway;1;
dorks;1;
double;1;
doubly;1;
doubts;1;
downplay;1;
dozen;1;
drab;1;
dragging;1;
drains;1;
dramatically;1;
dreamy;1;
drenched;1;
drinks;1;
dripping;1;
drives;1;
drop;1;
dropping;1;
drown;1;
drowning;1;
drums;1;
drunk;1;
drunken;1;
dullness;1;
duties;1;
dwelling;1;
dynamically;1;
dynamics;1;
e;1;
ear;1;
earned;1;
earring;1;
earthbound;1;
easeful;1;
easing;1;
east;1;
ecole;1;
ecological;1;
economy;1;
educational;1;
efficiency;1;
effortlessly;1;
eisbn;1;
ejaculation;1;
electrical;1;
electronic;1;
elicit;1;
em;1;
emanate;1;
emanating;1;
embarrassed;1;
embodied;1;
embodies;1;
embodiment;1;
embodiments;1;
embryo;1;
emerged;1;
emergency;1;
empathize;1;
empathizing;1;
empathy;1;
employment;1;
empowered;1;
empowers;1;
emptying;1;
enchantress;1;
encourage;1;
encumbered;1;
endeavor;1;
endpoint;1;
energized;1;
energizing;1;
engagement;1;
engine;1;
engulf;1;
enjoyable;1;
enjoyed;1;
enjoyment;1;
enlarged;1;
enlightenment;1;
enormously;1;
enterprise;1;
entertain;1;
entices;1;
entirety;1;
entrusted;1;
enveloped;1;
environment;1;
environmental;1;
ephemeral;1;
epicurean;1;
epidemic;1;
episodes;1;
equitableness;1;
eroded;1;
erroneously;1;
error;1;
escalate;1;
esoteric;1;
euthanasia;1;
evenly;1;
eventual;1;
evil;1;
evocation;1;
evolve;1;
exaggerated;1;
examine;1;
exceeded;1;
exceeding;1;
exceeds;1;
excel;1;
excellent;1;
exception;1;
exceptional;1;
exceptions;1;
excess;1;
exchanges;1;
excitable;1;
exclusive;1;
executive;1;
exercise;1;
exercising;1;
exhaustion;1;
expand;1;
expanded;1;
expanding;1;
expansion;1;
expansive;1;
expectation;1;
expecting;1;
expects;1;
expenditures;1;
experiment;1;
experimenting;1;
expert;1;
expertise;1;
explain;1;
explanations;1;
exploitation;1;
explosion;1;
exposure;1;
extends;1;
exterior;1;
extra;1;
extraordinarily;1;
f;1;
faced;1;
factors;1;
failed;1;
falls;1;
fame;1;
famous;1;
fantasized;1;
fantastic;1;
fascinated;1;
fascism;1;
faster;1;
fasting;1;
fat;1;
fate;1;
fault;1;
fearfully;1;
feedback;1;
feeding;1;
feminism;1;
feminist;1;
ferret;1;
fierceness;1;
figuratively;1;
fingernails;1;
fingertips;1;
fist;1;
fits;1;
fixes;1;
fl;1;
flash;1;
flashlight;1;
flavor;1;
fleas;1;
flexible;1;
flinches;1;
flipping;1;
florida;1;
flowered;1;
flowering;1;
flowery;1;
fluid;1;
flushed;1;
focuses;1;
folded;1;
folds;1;
foliage;1;
follows;1;
foolish;1;
foot;1;
forced;1;
forcing;1;
foremost;1;
foreplay;1;
forewarned;1;
forgetfulness;1;
forgot;1;
forming;1;
formulated;1;
forsake;1;
fought;1;
foxgloves;1;
fragrant;1;
frail;1;
freed;1;
freeway;1;
freeze;1;
frequency;1;
friday;1;
frightened;1;
frightening;1;
frisky;1;
fruit;1;
fruitless;1;
fruits;1;
frustrates;1;
fulfills;1;
fun;1;
fundamentally;1;
furthering;1;
futile;1;
gallant;1;
galleries;1;
gallery;1;
gang;1;
garage;1;
gardenias;1;
gashes;1;
gasp;1;
gather;1;
gatherings;1;
gave;1;
gazes;1;
gazing;1;
generates;1;
generic;1;
genitals;1;
genteel;1;
gentleman;1;
genuine;1;
genuinely;1;
geographically;1;
german;1;
giddy;1;
girls;1;
gladly;1;
gliding;1;
glimpsed;1;
glimpses;1;
globally;1;
gloss;1;
glows;1;
goddesses;1;
goddesshood;1;
gods;1;
golf;1;
golfing;1;
goods;1;
goof;1;
grab;1;
grabs;1;
graced;1;
graduate;1;
granted;1;
grasp;1;
grateful;1;
greens;1;
greeted;1;
grew;1;
grieving;1;
grip;1;
grocery;1;
groom;1;
grooming;1;
groping;1;
groups;1;
growls;1;
guess;1;
guidelines;1;
guides;1;
guitar;1;
gust;1;
guy;1;
guzzles;1;
habit;1;
hackles;1;
hall;1;
halts;1;
handful;1;
handle;1;
handshake;1;
hang;1;
hanging;1;
hangs;1;
haphazard;1;
happened;1;
happily;1;
harassment;1;
hardness;1;
hate;1;
hated;1;
hates;1;
hatha;1;
hci;1;
heading;1;
heartbeat;1;
heartfelt;1;
heated;1;
heats;1;
heavily;1;
heightened;1;
heights;1;
helped;1;
hence;1;
heroin;1;
heroine;1;
hesitant;1;
hey;1;
hi;1;
higher;1;
hiking;1;
hips;1;
hire;1;
holy;1;
homeness;1;
honey;1;
honorably;1;
hook;1;
hoped;1;
hopefully;1;
housewives;1;
housework;1;
howling;1;
hubbub;1;
hues;1;
huge;1;
hugged;1;
hugging;1;
hugs;1;
humanity;1;
humbling;1;
hummingbird;1;
humphrey;1;
hundreds;1;
hung;1;
hunting;1;
hurricane;1;
hurry;1;
husbanded;1;
husbands;1;
idealism;1;
idealistic;1;
identical;1;
identifies;1;
identify;1;
identities;1;
ignore;1;
ill;1;
illuminates;1;
illusions;1;
illustration;1;
imagined;1;
imagining;1;
immensely;1;
immensity;1;
immovable;1;
immunity;1;
imparting;1;
impatient;1;
impediments;1;
imperfect;1;
impermanent;1;
impersonal;1;
impervious;1;
implicitly;1;
imploded;1;
implodes;1;
imply;1;
impossible;1;
impression;1;
imprinted;1;
inability;1;
inappropriate;1;
inarticulate;1;
inattentive;1;
inauthenticity;1;
incidence;1;
income;1;
incomparable;1;
incredible;1;
incredulously;1;
independently;1;
independents;1;
indeterminate;1;
indians;1;
indifference;1;
indirectly;1;
indonesian;1;
inducing;1;
indulge;1;
industry;1;
inebriation;1;
inequality;1;
inertia;1;
inextricably;1;
infant;1;
inflexible;1;
inflicted;1;
inhaling;1;
inhibition;1;
initial;1;
initiate;1;
initiator;1;
initiatress;1;
injection;1;
innate;1;
inseparable;1;
insidious;1;
insight;1;
insistent;1;
insists;1;
inspect;1;
inspire;1;
inspires;1;
institute;1;
instructed;1;
instructor;1;
instructors;1;
insufficiency;1;
intact;1;
integrated;1;
intellectualize;1;
intelligent;1;
intensive;1;
intensively;1;
intentionally;1;
interaction;1;
intercourse;1;
internationally;1;
interpersonal;1;
interprets;1;
interruption;1;
interviewing;1;
interviews;1;
interwoven;1;
introduced;1;
introducing;1;
intuit;1;
inventions;1;
investing;1;
inward;1;
irrepressible;1;
irresistibly;1;
irritate;1;
items;1;
ivory;1;
j;1;
jacket;1;
jealous;1;
jerking;1;
jerks;1;
jewish;1;
jilted;1;
johnson;1;
joined;1;
joining;1;
jolt;1;
jose;1;
jot;1;
journals;1;
jousting;1;
joyfully;1;
joyous;1;
juice;1;
juicy;1;
jumped;1;
jumping;1;
jungle;1;
jungles;1;
kayaking;1;
kept;1;
keyboard;1;
keys;1;
kick;1;
kidding;1;
kill;1;
kindergarten;1;
kingdom;1;
kissed;1;
knees;1;
knickknacks;1;
knowledgeable;1;
lackluster;1;
lake;1;
laments;1;
land;1;
landscape;1;
languages;1;
lap;1;
largely;1;
lasted;1;
lasting;1;
lately;1;
laughed;1;
laundry;1;
lavish;1;
lawn;1;
lawyers;1;
leaders;1;
leads;1;
league;1;
leaked;1;
leaking;1;
lean;1;
leap;1;
legal;1;
legislation;1;
legitimate;1;
lei;1;
lent;1;
lessen;1;
lesson;1;
lexington;1;
liability;1;
liable;1;
liaisons;1;
liberates;1;
liberating;1;
liberty;1;
library;1;
lick;1;
licks;1;
lifeless;1;
lifelike;1;
lifted;1;
lifter;1;
lifts;1;
lightest;1;
lights;1;
liked;1;
limit;1;
limiting;1;
limitless;1;
limp;1;
linger;1;
lint;1;
listened;1;
listener;1;
listens;1;
lit;1;
literature;1;
lithe;1;
littered;1;
livingness;1;
local;1;
locker;1;
locomotive;1;
logos;1;
loins;1;
loneliness;1;
lonely;1;
longing;1;
longtime;1;
lopsided;1;
lorrie;1;
loser;1;
lotion;1;
lovable;1;
lower;1;
loyal;1;
lubricated;1;
lubrication;1;
luck;1;
luminous;1;
lunch;1;
lungs;1;
lurks;1;
luster;1;
luxuriating;1;
machine;1;
machines;1;
magazine;1;
magazines;1;
magnetically;1;
magnetism;1;
magnetizing;1;
magnitude;1;
majesty;1;
manage;1;
managing;1;
mangos;1;
manicures;1;
manipulating;1;
manipulation;1;
manipulative;1;
marigolds;1;
mark;1;
marked;1;
markets;1;
marks;1;
massages;1;
mastered;1;
masters;1;
masturbate;1;
mathematics;1;
mattress;1;
meadow;1;
meaningful;1;
meantime;1;
meanwhile;1;
mechanic;1;
mediocrity;1;
meditative;1;
medium;1;
meetings;1;
meets;1;
mega;1;
melts;1;
membrane;1;
memorable;1;
memories;1;
mention;1;
mercedes;1;
merging;1;
messy;1;
mice;1;
microscope;1;
midair;1;
mightily;1;
mile;1;
miles;1;
million;1;
minded;1;
mindless;1;
minimizing;1;
ministrations;1;
minute;1;
miracle;1;
miserable;1;
misplaced;1;
mistress;1;
mistrusted;1;
misunderstand;1;
mixed;1;
mixing;1;
mixture;1;
moaned;1;
mobile;1;
mobility;1;
moist;1;
moistened;1;
moisturizing;1;
mon;1;
monday;1;
monkish;1;
monks;1;
monogamous;1;
moody;1;
moon;1;
moping;1;
moreover;1;
mothers;1;
motionless;1;
motions;1;
motivated;1;
motivates;1;
motives;1;
mountainside;1;
mouths;1;
mover;1;
mow;1;
murders;1;
muscle;1;
muscular;1;
museum;1;
museums;1;
musician;1;
mustard;1;
mutilation;1;
mutuality;1;
mysteriously;1;
namely;1;
naught;1;
navel;1;
navigable;1;
neat;1;
necessitated;1;
necessitates;1;
necessity;1;
neediness;1;
negated;1;
neglected;1;
negotiate;1;
negotiated;1;
nervous;1;
ness;1;
neuroscience;1;
neutering;1;
neutralize;1;
neutralizes;1;
nevertheless;1;
newest;1;
news;1;
nibble;1;
nipping;1;
nipple;1;
nonchalant;1;
note;1;
notes;1;
nothingness;1;
notions;1;
nourish;1;
nowhere;1;
nubile;1;
nudge;1;
nudging;1;
numbing;1;
numbness;1;
numbs;1;
numerous;1;
nurtured;1;
obedience;1;
obeying;1;
obliterated;1;
oblivious;1;
obscured;1;
obscuring;1;
observation;1;
observing;1;
obsessed;1;
obsessive;1;
obstinate;1;
obtain;1;
occasions;1;
occupy;1;
occupying;1;
occurring;1;
oceanic;1;
offended;1;
offensive;1;
offerings;1;
offices;1;
oftentimes;1;
oh;1;
oiled;1;
operated;1;
operating;1;
opposed;1;
opted;1;
options;1;
orange;1;
orbit;1;
orbiting;1;
ordeal;1;
ordinary;1;
organisms;1;
organizational;1;
organize;1;
orgasmic;1;
orgasmically;1;
origin;1;
original;1;
originally;1;
otherworldly;1;
ours;1;
outcomes;1;
outgrow;1;
outraged;1;
outshines;1;
overeats;1;
overemphasize;1;
overflow;1;
overhead;1;
overlap;1;
overly;1;
overpaid;1;
overpowered;1;
overpowering;1;
overvalue;1;
owe;1;
owning;1;
p;1;
paddle;1;
pages;1;
pains;1;
paints;1;
pales;1;
paradise;1;
paramount;1;
paris;1;
park;1;
participating;1;
participation;1;
particularities;1;
parties;1;
parts;1;
passageways;1;
passed;1;
passing;1;
patrons;1;
pay;1;
paying;1;
payments;1;
peaceful;1;
peak;1;
peaked;1;
pencil;1;
penetrable;1;
penetrate;1;
penetrated;1;
penetrates;1;
peoplehood;1;
perceives;1;
perceptions;1;
perform;1;
performance;1;
periodically;1;
permanent;1;
permanently;1;
permission;1;
persevering;1;
persisting;1;
persists;1;
personify;1;
pervasiveness;1;
peter;1;
peters;1;
petersburg;1;
pets;1;
petty;1;
phase;1;
phases;1;
philosophers;1;
photo;1;
photocopying;1;
photos;1;
phrases;1;
physiological;1;
pie;1;
pierce;1;
pill;1;
pin;1;
pinhole;1;
pink;1;
pinned;1;
pitched;1;
plagues;1;
plane;1;
planning;1;
planted;1;
plate;1;
plateaus;1;
players;1;
playmates;1;
plea;1;
plead;1;
pleading;1;
pleasant;1;
pleasing;1;
pleasurably;1;
pleasured;1;
pleasures;1;
pleasuring;1;
plenty;1;
plexus;1;
plunge;1;
pocket;1;
pointedness;1;
poker;1;
polarization;1;
polarizes;1;
police;1;
policy;1;
politically;1;
polygamous;1;
polytechnique;1;
pools;1;
popped;1;
popularity;1;
population;1;
porch;1;
pores;1;
portion;1;
posing;1;
positions;1;
posture;1;
pot;1;
pothead;1;
pounce;1;
pour;1;
pouring;1;
powdery;1;
practitioner;1;
praised;1;
prayer;1;
pre;1;
precede;1;
predator;1;
predefined;1;
preferred;1;
preferring;1;
preliminary;1;
prenuptial;1;
preoccupied;1;
prepares;1;
preparing;1;
prerequisites;1;
presented;1;
presenting;1;
presently;1;
presents;1;
preserve;1;
press;1;
pressed;1;
presumed;1;
presumption;1;
prevalent;1;
preventing;1;
previously;1;
prince;1;
printed;1;
prioritize;1;
prissy;1;
privacy;1;
probes;1;
problematic;1;
proceeds;1;
procrastinating;1;
prod;1;
productive;1;
profession;1;
professor;1;
profit;1;
profoundly;1;
programmers;1;
progress;1;
progresses;1;
progression;1;
projected;1;
promise;1;
promised;1;
proof;1;
propagation;1;
propelled;1;
proportion;1;
propose;1;
protector;1;
proud;1;
prove;1;
provided;1;
prowess;1;
psychobiology;1;
psychologically;1;
psychotherapist;1;
published;1;
pulsing;1;
pumped;1;
pumping;1;
punch;1;
purchasing;1;
purify;1;
purr;1;
pushed;1;
pussycat;1;
quantum;1;
quart;1;
queasy;1;
questing;1;
quests;1;
quick;1;
quietly;1;
quitting;1;
r;1;
radio;1;
rag;1;
rain;1;
rams;1;
ranging;1;
rapport;1;
raring;1;
rational;1;
rationalize;1;
rationally;1;
ravenous;1;
ravisher;1;
reabsorbs;1;
reaching;1;
react;1;
reacting;1;
reactions;1;
read;1;
readily;1;
reads;1;
realigned;1;
realms;1;
reap;1;
rear;1;
recently;1;
reclaimed;1;
reclamation;1;
recoil;1;
recommends;1;
recording;1;
recounting;1;
recovers;1;
recreation;1;
recurring;1;
rediscovering;1;
reducing;1;
referred;1;
reflection;1;
reflections;1;
refresh;1;
refreshment;1;
refused;1;
refusing;1;
regime;1;
registers;1;
regressive;1;
reigned;1;
reject;1;
rejuvenative;1;
relating;1;
relationally;1;
relaxedness;1;
relearning;1;
reliance;1;
relieved;1;
religious;1;
relinquishing;1;
reluctantly;1;
rely;1;
relying;1;
reminding;1;
remote;1;
remove;1;
renaissance;1;
rending;1;
renovating;1;
rent;1;
renée;1;
repeated;1;
repeatedly;1;
repelled;1;
repelling;1;
replace;1;
repolarize;1;
report;1;
reported;1;
represent;1;
represents;1;
reproduced;1;
repulsive;1;
requests;1;
require;1;
residential;1;
resigning;1;
resigns;1;
resistive;1;
resolve;1;
resolves;1;
resonate;1;
resonates;1;
resounds;1;
respectful;1;
responded;1;
responsive;1;
responsively;1;
responsiveness;1;
restaurants;1;
restore;1;
restrained;1;
restraining;1;
rests;1;
resulted;1;
resulting;1;
resumes;1;
retain;1;
retard;1;
retreats;1;
retrieval;1;
returned;1;
returning;1;
returns;1;
rev;1;
revealing;1;
reversed;1;
revised;1;
revolve;1;
revolves;1;
rewards;1;
rewrote;1;
rhythms;1;
ridiculous;1;
rightfully;1;
rights;1;
ring;1;
ripe;1;
ripples;1;
rise;1;
rite;1;
ritualized;1;
rituals;1;
riveted;1;
rock;1;
rocks;1;
rocky;1;
roots;1;
rose;1;
roses;1;
rough;1;
roundabouts;1;
rub;1;
ruin;1;
rule;1;
rushes;1;
rushing;1;
sac;1;
sacrifices;1;
sacs;1;
sadness;1;
saggy;1;
sailor;1;
salons;1;
sannyasins;1;
santa;1;
sapped;1;
savage;1;
savoring;1;
savors;1;
scenario;1;
scent;1;
scheduled;1;
schedules;1;
scheme;1;
schmooze;1;
scientist;1;
scientists;1;
score;1;
scoring;1;
scratching;1;
screw;1;
scriptures;1;
sculpting;1;
sea;1;
sealed;1;
seashells;1;
seashore;1;
seat;1;
seconds;1;
seductress;1;
seeming;1;
seemingly;1;
select;1;
selection;1;
selections;1;
sell;1;
selves;1;
send;1;
sensed;1;
sensitively;1;
sensuously;1;
sentence;1;
sentimental;1;
sequestered;1;
serene;1;
session;1;
set;1;
setting;1;
settled;1;
settling;1;
sexed;1;
sexes;1;
shackled;1;
shade;1;
shades;1;
shadow;1;
shallow;1;
shallowness;1;
shapes;1;
sharply;1;
shelf;1;
shepherd;1;
ship;1;
shirk;1;
shivering;1;
shocked;1;
shoulds;1;
shouting;1;
shoving;1;
showered;1;
shred;1;
shriek;1;
shriveled;1;
sick;1;
sidedly;1;
sidedness;1;
sides;1;
sigh;1;
sighed;1;
sights;1;
signals;1;
significant;1;
silences;1;
silky;1;
simplest;1;
simultaneous;1;
simultaneously;1;
sing;1;
singular;1;
singularity;1;
singularly;1;
sink;1;
sip;1;
sips;1;
sisterhood;1;
skier;1;
skiers;1;
skiing;1;
skillful;1;
skirt;1;
skydiving;1;
skyscraper;1;
skyscrapers;1;
skyscraping;1;
slack;1;
slain;1;
slamming;1;
slapping;1;
slaves;1;
slaveship;1;
slide;1;
slides;1;
slightest;1;
slightly;1;
slip;1;
slippery;1;
slipping;1;
slips;1;
slob;1;
slogans;1;
slope;1;
slopes;1;
slumped;1;
smart;1;
smelling;1;
smells;1;
smiles;1;
smoke;1;
smokes;1;
smoothes;1;
snake;1;
sniff;1;
snoring;1;
snowy;1;
snuggling;1;
soaping;1;
socialize;1;
society;1;
softly;1;
software;1;
soil;1;
solar;1;
sold;1;
soldiers;1;
solitary;1;
someday;1;
sometime;1;
sooner;1;
soothed;1;
soothes;1;
soothing;1;
sophisticated;1;
sorry;1;
soul;1;
spa;1;
spaciousness;1;
spans;1;
spare;1;
spark;1;
sparkling;1;
spas;1;
spasms;1;
spastic;1;
specialness;1;
speckled;1;
speeding;1;
spell;1;
spews;1;
sphere;1;
spill;1;
spin;1;
spineless;1;
spirituality;1;
splash;1;
splashing;1;
splendor;1;
spoken;1;
spontaneity;1;
sport;1;
sports;1;
spots;1;
spring;1;
springing;1;
spurred;1;
squeeze;1;
squeezes;1;
squelch;1;
squint;1;
st;1;
stabs;1;
stake;1;
stale;1;
stalking;1;
standards;1;
standstill;1;
stark;1;
stars;1;
startling;1;
starvation;1;
starve;1;
statement;1;
stating;1;
status;1;
staunchly;1;
stayed;1;
steam;1;
stems;1;
steps;1;
stereotypical;1;
sterile;1;
sticks;1;
stimulated;1;
stimulating;1;
stockbrokers;1;
stoic;1;
stopping;1;
stops;1;
stored;1;
stories;1;
storm;1;
storming;1;
stove;1;
strategic;1;
strategies;1;
strengthened;1;
stressful;1;
strict;1;
strides;1;
strike;1;
strive;1;
striving;1;
stroke;1;
strokes;1;
stubborn;1;
students;1;
studio;1;
studios;1;
studying;1;
stuffed;1;
stung;1;
stunned;1;
stupid;1;
styling;1;
subduing;1;
subjugating;1;
submerge;1;
subordinates;1;
substitutions;1;
succeeds;1;
succumbing;1;
succumbs;1;
suck;1;
sucked;1;
suds;1;
suggest;1;
super;1;
superiorities;1;
supposedly;1;
suppressing;1;
supreme;1;
surely;1;
surety;1;
surfaces;1;
surfers;1;
surfs;1;
surprise;1;
surprisingly;1;
surrounding;1;
surrounds;1;
swamis;1;
swayed;1;
swears;1;
sweetly;1;
sweetness;1;
swerved;1;
swim;1;
swirl;1;
swooning;1;
swoons;1;
swooping;1;
symptom;1;
symptoms;1;
synchronized;1;
system;1;
tables;1;
talked;1;
talks;1;
tangibly;1;
tangled;1;
tantra;1;
tape;1;
tapers;1;
tasks;1;
tasting;1;
tear;1;
teasing;1;
tech;1;
techniques;1;
tedious;1;
teenagers;1;
tempers;1;
tending;1;
tensions;1;
tepid;1;
terrified;1;
terror;1;
tested;1;
thankfully;1;
thanks;1;
theater;1;
theirs;1;
theme;1;
theoretical;1;
therein;1;
thighs;1;
thins;1;
thomas;1;
thorough;1;
thoroughly;1;
thrill;1;
throat;1;
throes;1;
throw;1;
thrown;1;
tibet;1;
tickles;1;
tidy;1;
tightness;1;
timeless;1;
toes;1;
toilet;1;
tolerate;1;
tool;1;
top;1;
topic;1;
torn;1;
torso;1;
torsos;1;
touchdown;1;
towering;1;
traceable;1;
tracked;1;
tracks;1;
trade;1;
traded;1;
trademarks;1;
traditionally;1;
traditions;1;
trail;1;
trailing;1;
training;1;
trainings;1;
transformations;1;
transformative;1;
transformed;1;
transitioning;1;
translate;1;
transmitter;1;
traps;1;
trash;1;
travel;1;
traveled;1;
travels;1;
treating;1;
treats;1;
trend;1;
trespass;1;
trial;1;
triggered;1;
trips;1;
tropics;1;
trunks;1;
trustful;1;
truths;1;
tryst;1;
ts;1;
tulip;1;
tulips;1;
tuned;1;
twinkling;1;
umbrella;1;
unabashedly;1;
unacceptable;1;
unacknowledged;1;
unanimously;1;
unarmored;1;
unattracted;1;
unattractive;1;
unavailable;1;
unbalanced;1;
unboundedly;1;
unbridled;1;
unburdened;1;
unburdens;1;
uncanny;1;
uncertain;1;
unclarity;1;
unclinging;1;
uncommitment;1;
uncommitted;1;
uncompleted;1;
uncomplicated;1;
undefined;1;
underdeveloped;1;
undergoes;1;
underlying;1;
underpaid;1;
understandably;1;
undervalued;1;
undeveloped;1;
undisturbed;1;
undividedly;1;
undulating;1;
unease;1;
unexpressed;1;
unfair;1;
unfairly;1;
unfathomable;1;
unfeeling;1;
unfettered;1;
unfold;1;
unfulfillment;1;
ungraspable;1;
unguarding;1;
unified;1;
uninitiated;1;
uninvited;1;
uninvolved;1;
unknowingly;1;
unknown;1;
unlock;1;
unloving;1;
unlovingness;1;
unmediated;1;
unmoving;1;
unpaid;1;
unplanned;1;
unpleasant;1;
unpredictability;1;
unprotected;1;
unreasonable;1;
unrehearsed;1;
unrelaxed;1;
unresolved;1;
unrested;1;
unrestrained;1;
unsafe;1;
unshakable;1;
unstoppable;1;
unstriving;1;
unsure;1;
untamable;1;
untangle;1;
unthreatened;1;
untrap;1;
untrapped;1;
unwavering;1;
unwillingness;1;
unwittingly;1;
upcoming;1;
upwardly;1;
urges;1;
useless;1;
uterine;1;
utopia;1;
vacant;1;
vacationing;1;
vacations;1;
vacuum;1;
vaginal;1;
valleys;1;
veer;1;
veers;1;
vehicle;1;
veins;1;
vendors;1;
vertical;1;
vibrancy;1;
vibrant;1;
vicinity;1;
victoriously;1;
video;1;
violated;1;
violin;1;
virtual;1;
vistas;1;
visualize;1;
vitality;1;
vivid;1;
vividly;1;
vocation;1;
voices;1;
volcanoes;1;
volk;1;
voluntary;1;
vows;1;
vulnerably;1;
w;1;
waif;1;
waited;1;
waits;1;
waking;1;
wall;1;
wander;1;
wanders;1;
wardrobe;1;
warmly;1;
warring;1;
wars;1;
wary;1;
wash;1;
washed;1;
watches;1;
watery;1;
wavering;1;
waving;1;
waxing;1;
weakening;1;
weavings;1;
wedding;1;
wednesday;1;
weeds;1;
weekend;1;
weekends;1;
welcome;1;
welcomes;1;
wet;1;
whales;1;
wheel;1;
whereupon;1;
whimper;1;
whims;1;
whisk;1;
whisper;1;
whizzes;1;
whoever;1;
wholly;1;
widely;1;
widen;1;
wields;1;
wilderness;1;
wildness;1;
willingness;1;
wimpy;1;
wings;1;
winner;1;
wistfully;1;
withdrawal;1;
wither;1;
withering;1;
withheld;1;
withholds;1;
witnesses;1;
womanly;1;
wondered;1;
workable;1;
workings;1;
worn;1;
worrying;1;
worship;1;
worshiping;1;
worships;1;
worst;1;
worthlessness;1;
wrapped;1;
wrapping;1;
wrestle;1;
wrinkles;1;
wristwatch;1;
writhed;1;
writhing;1;
written;1;
x;1;
yard;1;
yelling;1;
yells;1;
yielded;1;
youthful;1;
zags;1;
zen;1;
zig;1;
